{"cameraMode":{"drawMode":0,"name":"Shaded","section":"Shading Mode"},"sceneLighting":true,"audioPlay":false,"sceneViewState":{"showFog":true,"showMaterialUpdate":false,"showSkybox":true,"showFlares":true,"showImageEffects":true,"showParticleSystems":true},"in2DMode":false,"pivot":{"x":-0.4958646297454834,"y":18.364601135253908,"z":-1.998090386390686},"rotation":{"x":0.34289130568504336,"y":0.6194276213645935,"z":-0.3445436358451843,"w":0.6164686679840088},"size":29.787073135375978,"orthographic":false}